CREATE DATABASE db
USE db;
 
CREATE TABLE PUBLISHER(
NAME VARCHAR(20) PRIMARY KEY,
PHONE INTEGER,
ADDRESS VARCHAR(20)
);

CREATE TABLE BOOK(
	BOOK_ID INTEGER PRIMARY KEY,
	TITLE VARCHAR(20),
	PUB_TYPE VARCHAR(20),
	PUBLISHER_NAME VARCHAR(20),
	FOREIGN KEY(PUBLISHER_NAME) REFERENCES PUBLISHER(NAME) ON DELETE CASCADE
);

CREATE TABLE BOOK_AUTHORS(
	AUTHORS_NAME VARCHAR(20),	
	BOOK_ID INTEGER , 
	FOREIGN KEY(BOOK_ID) REFERENCES BOOK(BOOK_ID) ON DELETE CASCADE,
	PRIMARY KEY(BOOK_ID,AUTHORS_NAME)
);

CREATE TABLE LIBRARY_BRANCH(
	BRANCH_ID INTEGER PRIMARY KEY,
	BRANCH_NAME VARCHAR(50),
	ADDRESS VARCHAR(50)
);

CREATE TABLE BOOK_COPIES(
	NO_OF_COPIES INTEGER,
	BOOK_ID INTEGER,
	FOREIGN KEY(BOOK_ID) REFERENCES BOOK(BOOK_ID) ON DELETE CASCADE,
	BRANCH_ID INTEGER,
	FOREIGN KEY(BRANCH_ID) REFERENCES LIBRARY_BRANCH(BRANCH_ID) ON DELETE CASCADE,
	PRIMARY KEY(BOOK_ID,BRANCH_ID)
);

CREATE TABLE CARD(
	CARD_NO INTEGER PRIMARY KEY
);

CREATE TABLE BOOK_LENDING(
	DATE_OUT DATE,
	DUE_DATE DATE,
	BOOK_ID INTEGER,
	FOREIGN KEY(BOOK_ID) REFERENCES BOOK(BOOK_ID) ON DELETE CASCADE, 
	BRANCH_ID INTEGER,FOREIGN KEY(BRANCH_ID) REFERENCES LIBRARY_BRANCH(BRANCH_ID) ON DELETE CASCADE,
	CARD_NO INTEGER,
	FOREIGN KEY(CARD_NO) REFERENCES CARD(CARD_NO) ON DELETE CASCADE,	
	PRIMARY KEY(BOOK_ID,
	BRANCH_ID,CARD_NO)
);

INSERT INTO PUBLISHER VALUES
('MCGRAW-HILL',99587,'BANGALORE'),
('PEARSON',98865,'KOLKATTA'),
('SPRINGER',99654,'PUNE'),
('PENGUIN',98865,'GUJARATH'),
('TATA',93560,'GOA');

INSERT INTO BOOK VALUES
(1,'DBMS','JAN-2017','MCGRAW-HILL'),
(2,'JAVA','JUNE-2017','MCGRAW-HILL'),
(3,'SE','JAN-2017','PEARSON'),
(4,'PYTHON','JAN-2017','PENGUIN'),
(5,'ADBMS','JAN-2017','TATA');

INSERT INTO BOOK_AUTHORS VALUES
('NAVATHE',1),
('GALVIN',2),
('SOMERVILLE',3),
('IVAN',4),
('BALGURU',5);

INSERT INTO LIBRARY_BRANCH VALUES
(10,'RR NAGAR','BANGALORE'),
(11,'NITTE','BANGALORE'),
(12,'MIT','MANIPAL'),
(13,'MUDBIDRI','MANGALORE'),
(14,'SMVT','UDUPI');

INSERT INTO BOOK_COPIES VALUES
(10,1,10),
(5,1,11),
(11,2,12),
(6,3,13),
(12,3,14);

INSERT INTO CARD VALUES
(101),
(102),
(103),
(104),
(105);

INSERT INTO BOOK_LENDING VALUES
('2020-01-01','2020-06-01',1,10,101),
('2020-02-01','2020-06-01',1,11,101),
('2020-01-01','2020-12-06',2,12,102),
('2020-04-01','2020-06-01',3,10,103),
('2020-01-01','2020-06-01',1,13,101);


SELECT 
    B.BOOK_ID,
    B.PUBLISHER_NAME,
    A.AUTHORS_NAME,
    C.NO_OF_COPIES,
    L.BRANCH_ID
FROM BOOK AS B
JOIN BOOK_AUTHORS AS A 
    ON B.BOOK_ID = A.BOOK_ID
JOIN BOOK_COPIES AS C 
    ON B.BOOK_ID = C.BOOK_ID
JOIN LIBRARY_BRANCH AS L 
    ON C.BRANCH_ID = L.BRANCH_ID;

SELECT CARD_NO
FROM BOOK_LENDING
WHERE DATE_OUT BETWEEN '2020-01-02' AND '2020-12-31' 
GROUP BY CARD_NO
HAVING COUNT(*)>0;
 
DELETE FROM BOOK WHERE BOOK_ID = 3;

SELECT Publisher_Name, COUNT(*) AS TOTAL_Books FROM BOOK GROUP BY Publisher_Name;

CREATE VIEW V_BOOKS AS 
SELECT 
B.BOOK_ID,
B.TITLE,
SUM(C.NO_OF_COPIES) AS TOTAL_COPIES
FROM BOOK B 
JOIN BOOK_COPIES C ON B.BOOK_ID = C.BOOK_ID
GROUP BY B.BOOK_ID,B.TITLE;
SELECT * FROM V_BOOKS;
