CREATE DATABASE BANK_DB;
USE BANK_DB;

CREATE TABLE CUSTOMER (
    CUSTOMER_ID INT PRIMARY KEY,
    NAME VARCHAR(50)
);

CREATE TABLE ACCOUNT (
    ACCOUNT_NO INT PRIMARY KEY,
    TYPE VARCHAR(20),
    BALANCE DECIMAL(10,2),
    TRANSACTION_DATE DATE
);

CREATE TABLE ADDRESS (
    STREET VARCHAR(50),
    CITY VARCHAR(50),
    STATE VARCHAR(50),
    CUSTOMER_ID INT,
    PRIMARY KEY (CUSTOMER_ID, STREET),
    FOREIGN KEY (CUSTOMER_ID) REFERENCES CUSTOMER(CUSTOMER_ID)
    ON DELETE CASCADE
);

CREATE TABLE CUSTOMER_ACCOUNT (
    CUSTOMER_ID INT,
    ACCOUNT_NO INT,
    PRIMARY KEY (CUSTOMER_ID, ACCOUNT_NO),
    FOREIGN KEY (CUSTOMER_ID) REFERENCES CUSTOMER(CUSTOMER_ID)
    ON DELETE CASCADE,
    FOREIGN KEY (ACCOUNT_NO) REFERENCES ACCOUNT(ACCOUNT_NO)
    ON DELETE CASCADE
);

INSERT INTO CUSTOMER VALUES
(6,'AMITH'),
(1,'JOHN'),
(2,'ARJUN'),
(3,'AJAY'),
(4,'JANE'),
(5,'SMITH');

INSERT INTO ACCOUNT VALUES
(107,'Savings',20000,NULL),
(102,'Savings',5250,'2024-02-15'),
(103,'Current',10000,'2024-03-10'),
(104,'Current',10000,'2024-03-10'),
(105,'Savings',8400,'2024-04-15'),
(106,'Current',19000,'2024-05-10');

INSERT INTO ADDRESS VALUES
('CAR STREET','Mangalore','Karnataka',6),
('OAK STREET','Bangalore','Karnataka',1),
('RICHMOND CIRCLE','BANGALORE','Karnataka',2),
('MAIN STREET','MYSORE','Karnataka',3),
('BIRCH STREET','MYSORE','Karnataka',4),
('KULOOR','Mangalore','Karnataka',5);

INSERT INTO CUSTOMER_ACCOUNT VALUES
(1,102),
(1,103),
(2,103),
(3,103),
(4,105),
(5,103),
(6,107);

SELECT * FROM ACCOUNT;

UPDATE ACCOUNT
SET BALANCE = BALANCE * 1.05
WHERE BALANCE < 10000;

SELECT * FROM ACCOUNT;

SELECT ACCOUNT_NO,
COUNT(CUSTOMER_ID) AS NUM_CUSTOMERS
FROM CUSTOMER_ACCOUNT
GROUP BY ACCOUNT_NO
HAVING COUNT(CUSTOMER_ID) > 3;

SELECT C.CUSTOMER_ID,
C.NAME,
SUM(A.BALANCE * 0.05) AS TOTAL_INTEREST
FROM CUSTOMER C
JOIN CUSTOMER_ACCOUNT CA
ON C.CUSTOMER_ID = CA.CUSTOMER_ID
JOIN ACCOUNT A
ON CA.ACCOUNT_NO = A.ACCOUNT_NO
GROUP BY C.CUSTOMER_ID, C.NAME;

SELECT DISTINCT C.CUSTOMER_ID, C.NAME
FROM CUSTOMER C
JOIN CUSTOMER_ACCOUNT CA
ON C.CUSTOMER_ID = CA.CUSTOMER_ID
JOIN ACCOUNT A
ON CA.ACCOUNT_NO = A.ACCOUNT_NO
WHERE A.TRANSACTION_DATE IS NULL;
